<!-- Details for Dried Peas -->

<!--<crop id="driedpeas" allowContinuous="false" price="87" 
      yield="(2.48+3.475*({Soil Type})-(1.2875*({Soil Type})^2))*0.82" subsidy="230"
      disease="peasbeans" yieldReduction="0.11,0.11,0.15,0.15" selfRotCost="10,30,30,30" yrisk="12" prisk="7">-->

<crop id="driedpeas" allowContinuous="false" price="85" 
      yield="(2.48+3.475*({Soil Type})-(1.2875*({Soil Type})^2))*0.82" subsidy="258"
      disease="peasbeans" yrisk="12" prisk="7" eostdev="22">

<!--
 Inputs:
  Seed kg/ha:           230.0 @ 0.35 £/kg
  Other  £/ha:          99.5
  P fertiliser:         30.0 @ 0.31 £/kg=                                                                                
  K fertiliser:         40.0 @ 0.24 £/kg=                                                                                
  TOTAL INPUTS =        198.9
  GROSS MARGIN =        325.4-->

  <input type="P fertiliser" unitCost="0.31" baseAmount="30" increments="0,0,0,0"/>
  <input type="K fertiliser" unitCost="0.24" baseAmount="40" increments="0,0,0,0"/>
  <input type="Seed Amount of crop" unitCost="0.35" baseAmount="230" increments="0,0,0,0"/>
  <input type="Unspecified" unitCost="1" baseAmount="99.5" increments="0,0,0,0"/>

<!-- Rotation penalties (N.A. = Not Allowed)
                        A      B      C      D      E             G
  Wheat                 0      0      0      0      0      0
  Barley                0      0      18.2   0      0      0
  Oats                  0      0      18.3   0      0      0
  Brassica              100    0      0      0      0      0
  Potato                0      0      0      0      0      0
  Sugar Beet            0      0      0      0      0      0
  Linseed               0      0      0      0      0      0
  Rotational setaside   100    0      0      0      0      0
-->
<rotation id="driedpeas">  
  <csv data="forbidden">brassica,none</csv>
</rotation>

<!--
    Sequential operations
    Spread P/K-Autumn     from [1: Jul 30] to [1: Nov 18]    Periods gap: min 0 max -
    Plough (Spring crop)  from [1: Sep 24] to [2: Mar 25]    Periods gap: min 0 max -
    Plant DPeas           from [2: Feb 26] to [2: Apr 22]    Periods gap: min 0 max -
    Roll-spring           from [2: Feb 26] to [2: May 6]     Periods gap: min 0 max -
    Combine DPeas         from [2: Jul 30] to [2: Aug 26]    Periods gap: min 0 max - -->
<operation type="fert" workability="r80">
  <csv data="allow">[1:Jul 30],[1:Nov 18]</csv>
  <csv data="wkrate">(0.06+0.00025*({P fertiliser}+{K fertiliser}))+(64.48+0.094*({P fertiliser}+{K fertiliser}))/1200</csv>
  <csv data="machines">labour,tractor</csv>
</operation>
<operation type="plough" workability="r100">
  <csv data="allow">[1: Sep 24],[2: Mar 25]</csv>
  <csv data="wkrate">(1.44*(50*{Soil Type}+20))/{Size of first machine in system definition}</csv>
  <csv data="machines">tractor,labour</csv>
</operation>
<operation type="plant" workability="r70"><!-- Drill SOSR/Beans -->
  <csv data="allow">[2: Feb 26],[2: Apr 22]</csv>
  <csv data="wkrate">(0.06+0.00069*{Seed Amount of crop})+(92.42+0.00626*{Seed Amount of crop}+41.5*{Soil Type})/{Size of first machine in system definition}</csv>
  <csv data="machines">tractor,labour</csv>
  <csv data="yieldpenalties">0,0,3,6</csv>
</operation>

<operation type="roll" workability="r80">
  <csv data="allow">[2: Feb 26],[2: May 6]</csv>
  <csv data="wkrate">0.33</csv>
  <csv data="machines">tractor,labour</csv>
</operation>

<operation type="combine" workability="r70" handover="true">
  <csv data="allow">[2: Jul 30],[2: Aug 26]</csv>
  <csv data="wkrate">((4.05*{Primary yield of crop}+24)/4)/{Size of first machine in system definition}</csv>
  <csv data="machines">combine,tractor 2,labour 3</csv>
  <csv data="yieldpenalties">0,2</csv>
</operation>

<!-- Non-sequential operations
     Spray   Mar/Apr       from [2: Feb 26] to [2: Apr 22]
     Spray   May           from [2: Apr 23] to [2: May 20]
-->
<operation type="spray" nonsequential="true" workability="r60">
  <csv data="allow">[2: Feb 26],[2: Apr 22]</csv>
  <csv data="wkrate">0.11+191.6/{Size of first machine in system definition}</csv>
  <csv data="machines">sprayer,tractor,labour</csv>
</operation>
<operation type="spray" nonsequential="true" workability="r60">
  <csv data="allow">[2: Apr 23],[2: May 20]</csv>
  <csv data="wkrate">0.11+191.6/{Size of first machine in system definition}</csv>
  <csv data="machines">sprayer,tractor,labour</csv>
</operation>
</crop>

<!--



new page

 CROP Dried Peas             DATABASE: JFMTest   MODEL: min  04/04/2008 



 Minimum area:          0.0



 Type of crop:          Annual

 Setaside type:         Arable

 Crop rotation class:   Peas/Beans



 Decrease by successive growing:

  Year                  2         3         4         5 

  Yield loss (%)        11.0      11.0      15.0      15.0

  Cost/ha               10.0      30.0      30.0      30.0

  Blackgrass herbicide  1.0       2.0       3.0       5.0

  Wild Oat herbicide    2.0       2.0       3.0       4.0



 Gross margin

  Primary yield:        (2.48+3.475*({Soil Type})-(1.2875*({Soil Type})^2))*0.82 = 3.51; Cash Crop

  Secondary yield:      0 = 0.00; Livestock and Cash



  Primary yield price:  87.0

  Secondary yield price:0.0

  Area subsidy:         219.0

  TOTAL OUTPUT =        524.3



Primary Yield Dry Matter Not defined%

Primary Yield N Content, kg N/t freshweight Not defined

Primary Yield P Content, kg P2O5/t freshweight Not defined

Primary Yield K Content, kg K2O/t freshweight Not defined

Secondary Yield Dry Matter Not defined%

Secondary Yield N Content, kg N/t freshweight Not defined

Secondary Yield P Content, kg P2O5/t freshweight Not defined

Secondary Yield K Content, kg K2O/t freshweight Not defined

Harvest Index Not defined





 RISK

  Disease variability:  7

  Price variability:    11




 Storage type: 0        Minimum storage = 0 tonnes






 Key to table column titles

A = Yield Loss (%) 

B = Cost / ha

C = Nitrate leaching    (kg/ha)

D = Blackgrass herbicide

E = Wild Oat herbicide  

F = N fertiliser        



Rotational Penalty Formula



 Base Environmental effects



  Nitrate leaching:  

   64. = ((52+75+25))*120/(120+33+67*{Soil Type})                              

                           

  Blackgrass herbicide:  

   No Effect

  Wild Oat herbicide:  

   No Effect

-->