
<!-- Gross margin
  Primary yield:        (2.317-(1.139*(0.984^({N fertiliser})))) = 1.18; Cash Crop  // This formula is incorrectly calculated in SWFM
  Secondary yield:      0.00 = 0.00
  Primary yield price:  140.0
  Secondary yield price:0.0
  Area subsidy:         184.0
  TOTAL OUTPUT =        348.9-->

<crop id="sosr" allowContinuous="false" price="140.0" 
      yield="(2.317-(1.139*(0.984^({N fertiliser}))))" subsidy="230" disease="brassica">           


<!-- Inputs:
  Seed kg/ha:           8.0 @ 6.00 £/kg
  Other  £/ha:          63.0
  N fertiliser:         143.0 @ 0.45 £/kg=                                                                                
  P fertiliser:         50.0 @ 0.31 £/kg=                                                                                
  K fertiliser:         43.0 @ 0.24 £/kg=                                                                                
  TOTAL INPUTS =        201.2
  GROSS MARGIN =        147.8-->
    <input type="N fertiliser" unitCost="0.45" baseAmount="143" />
    <input type="P fertiliser" unitCost="0.31" baseAmount="50" />
    <input type="K fertiliser" unitCost="0.24" baseAmount="43" />
    <input type="Seed Amount of crop" unitCost="6.0" baseAmount="8" />
    <input type="Unspecified" unitCost="1" baseAmount="63" />

    
    <!--
 Rotation penalties (N.A. = Not Allowed)
                        A      B      C             E
  Wheat                 0      0      0      0
  Barley                0      0      0      0
  Oats                  0      0      0      0
  Peas/Beans            N.A.   0      0      0
  Potato                0      0      0      0
  Sugar Beet            N.A.   N.A.   0      0
  Linseed               0      0      0      0
  Rotational setaside   0      0      0      0
-->
    <rotation id ="sosr">
      <csv data="forbidden">peasbeans,sugarbeet</csv>
    </rotation>

    <!-- Sequential operations
  Spread P/K-Autumn     from [1: Jul 30] to [1: Nov 18]    Periods gap: min 0 max -
  Plough (Spring crop)  from [1: Sep 24] to [2: Mar 25]    Periods gap: min 0 max -
  Plant S.OSRape        from [2: Feb 26] to [2: Apr 22]    Periods gap: min 0 max -
  Combine S.OSRape      from [2: Aug 27] to [2: Sep 23]    Periods gap: min 0 max - -->
    <operation type="fert" workability="r80">
      <csv data="allow">[1: Jul 30],[1: Nov 18]</csv> 
      <csv data="wkrate">(0.06+0.00025*({P fertiliser}+{K fertiliser}))+(64.48+0.094*({P fertiliser}+{K fertiliser}))/1200</csv>
      <csv data="machines">tractor,labour</csv>
    </operation>
    <operation type="plough" workability="r100">
      <csv data="allow">[1: Sep 24],[2: Mar 25]</csv>
      <csv data="wkrate">(1.44*(50*{Soil Type}+20))/{Size of first machine in system definition}</csv>
      <csv data="machines">tractor,labour</csv>
    </operation>
    <operation type="plant" workability="r70"><!-- Drill OSR/Grass -->
      <csv data="allow">[2: Feb 26],[2: Apr 22]</csv>
      <csv data="wkrate">(0.06+0.00069*{Seed Amount of crop})+(92.42+0.00626*{Seed Amount of crop}+41.5*{Soil Type})/{Size of first machine in system definition}</csv><!--1.95-->
      <csv data="machines">tractor,labour</csv>
    </operation>
    <operation type="combine" workability="r70" handover="true"><!-- Combine-rape/peas -->
      <csv data="allow">[2: Aug 27],[2: Sep 23]</csv>
      <csv data="wkrate">((4.05*{Primary yield of crop}+24)/4)/{Size of first machine in system definition}</csv><!--1.13 SWFM Error? -->
      <csv data="machines">combine,tractor 2,labour 3</csv>
    </operation>
<!-- Non-sequential operations
  Spray   Mar/Apr       from [2: Feb 26] to [2: Apr 22]
  Fertilise(Apr)        from [2: Mar 26] to [2: Apr 22]
  Spray   May           from [2: Apr 23] to [2: May 20] -->
    <operation type="spray" workability="r60" nonsequential="true">	
      <csv data="allow">[2: Feb 26],[2: Apr 22]</csv>
      <csv data="wkrate">0.11+191.6/{Size of first machine in system definition}</csv>
      <csv data="machines">sprayer,tractor,labour</csv>
    </operation>
    <operation type="fert" workability="r80" nonsequential="true">	
      <csv data="allow">[2: Mar 26],[2: Apr 22]</csv>
      <csv data="wkrate">(0.06+0.00025*({N fertiliser}))+(64.68+0.094*({N fertiliser}))/1200</csv><!--0.18-->
      <csv data="machines">tractor,labour</csv>
    </operation>
    <operation type="spray" workability="r60" nonsequential="true">	
      <csv data="allow">[2: Apr 23],[2: May 20]</csv>
      <csv data="wkrate">0.11+191.6/{Size of first machine in system definition}</csv>
      <csv data="machines">sprayer,tractor,labour</csv>
    </operation>
</crop>


<!-- CROP S.OSRape               DATABASE: JFMTest   MODEL: min  04/04/2008 
 Minimum area:          0.0
 Type of crop:          Annual
 Setaside type:         Arable
 Crop rotation class:   Brassica

 Decrease by successive growing:
                        Not possible to grow consecutive yields ofS.OSRape


Primary Yield Dry Matter Not defined%

Primary Yield N Content, kg N/t freshweight Not defined

Primary Yield P Content, kg P2O5/t freshweight Not defined

Primary Yield K Content, kg K2O/t freshweight Not defined

Secondary Yield Dry Matter Not defined%

Secondary Yield N Content, kg N/t freshweight Not defined

Secondary Yield P Content, kg P2O5/t freshweight Not defined

Secondary Yield K Content, kg K2O/t freshweight Not defined

Harvest Index Not defined






 RISK

  Disease variability:  5

  Price variability:    10





 Storage type: 0        Minimum storage = 0 tonnes





 Key to table column titles

A = Yield Loss (%) 

B = Cost / ha

C = Wild Oat herbicide  

D = N fertiliser        



Rotational Penalty Formula



 Base Environmental effects



  Nitrate leaching:  

   -6. = (({N fertiliser}-33*{Primary yield of crop}+25))*(120/(120+33+67*{Soil

          Type}))                                         

  Blackgrass herbicide:  

   No Effect

  Wild Oat herbicide:  

   No Effect





-->